{
  "councils": [
    {"code": "E06000001", "name": "Hartlepool", "region": "North East", "nation": "England"},
    {"code": "E06000002", "name": "Middlesbrough", "region": "North East", "nation": "England"},
    {"code": "E06000003", "name": "Redcar and Cleveland", "region": "North East", "nation": "England"},
    {"code": "E06000004", "name": "Stockton-on-Tees", "region": "North East", "nation": "England"},
    {"code": "E06000005", "name": "Darlington", "region": "North East", "nation": "England"},
    {"code": "E06000006", "name": "Halton", "region": "North West", "nation": "England"},
    {"code": "E06000007", "name": "Warrington", "region": "North West", "nation": "England"},
    {"code": "E06000008", "name": "Blackburn with Darwen", "region": "North West", "nation": "England"},
    {"code": "E06000009", "name": "Blackpool", "region": "North West", "nation": "England"},
    {"code": "E06000010", "name": "Kingston upon Hull", "region": "Yorkshire and the Humber", "nation": "England"},
    {"code": "E06000011", "name": "East Riding of Yorkshire", "region": "Yorkshire and the Humber", "nation": "England"},
    {"code": "E06000012", "name": "North East Lincolnshire", "region": "Yorkshire and the Humber", "nation": "England"},
    {"code": "E06000013", "name": "North Lincolnshire", "region": "Yorkshire and the Humber", "nation": "England"},
    {"code": "E06000014", "name": "York", "region": "Yorkshire and the Humber", "nation": "England"},
    {"code": "E06000015", "name": "Derby", "region": "East Midlands", "nation": "England"},
    {"code": "E06000016", "name": "Leicester", "region": "East Midlands", "nation": "England"},
    {"code": "E06000017", "name": "Rutland", "region": "East Midlands", "nation": "England"},
    {"code": "E06000018", "name": "Nottingham", "region": "East Midlands", "nation": "England"},
    {"code": "E06000019", "name": "Herefordshire", "region": "West Midlands", "nation": "England"},
    {"code": "E06000020", "name": "Telford and Wrekin", "region": "West Midlands", "nation": "England"},
    {"code": "E06000021", "name": "Stoke-on-Trent", "region": "West Midlands", "nation": "England"},
    {"code": "E06000022", "name": "Bath and North East Somerset", "region": "South West", "nation": "England"},
    {"code": "E06000023", "name": "Bristol", "region": "South West", "nation": "England"},
    {"code": "E06000024", "name": "North Somerset", "region": "South West", "nation": "England"},
    {"code": "E06000025", "name": "South Gloucestershire", "region": "South West", "nation": "England"},
    {"code": "E06000026", "name": "Plymouth", "region": "South West", "nation": "England"},
    {"code": "E06000027", "name": "Torbay", "region": "South West", "nation": "England"},
    {"code": "E06000030", "name": "Swindon", "region": "South West", "nation": "England"},
    {"code": "E06000031", "name": "Peterborough", "region": "East of England", "nation": "England"},
    {"code": "E06000032", "name": "Luton", "region": "East of England", "nation": "England"},
    {"code": "E06000033", "name": "Southend-on-Sea", "region": "East of England", "nation": "England"},
    {"code": "E06000034", "name": "Thurrock", "region": "East of England", "nation": "England"},
    {"code": "E06000035", "name": "Medway", "region": "South East", "nation": "England"},
    {"code": "E06000036", "name": "Bracknell Forest", "region": "South East", "nation": "England"},
    {"code": "E06000037", "name": "West Berkshire", "region": "South East", "nation": "England"},
    {"code": "E06000038", "name": "Reading", "region": "South East", "nation": "England"},
    {"code": "E06000039", "name": "Slough", "region": "South East", "nation": "England"},
    {"code": "E06000040", "name": "Windsor and Maidenhead", "region": "South East", "nation": "England"},
    {"code": "E06000041", "name": "Wokingham", "region": "South East", "nation": "England"},
    {"code": "E06000042", "name": "Milton Keynes", "region": "South East", "nation": "England"},
    {"code": "E06000043", "name": "Brighton and Hove", "region": "South East", "nation": "England"},
    {"code": "E06000044", "name": "Portsmouth", "region": "South East", "nation": "England"},
    {"code": "E06000045", "name": "Southampton", "region": "South East", "nation": "England"},
    {"code": "E06000046", "name": "Isle of Wight", "region": "South East", "nation": "England"},
    {"code": "E06000047", "name": "County Durham", "region": "North East", "nation": "England"},
    {"code": "E06000049", "name": "Cheshire East", "region": "North West", "nation": "England"},
    {"code": "E06000050", "name": "Cheshire West and Chester", "region": "North West", "nation": "England"},
    {"code": "E06000051", "name": "Shropshire", "region": "West Midlands", "nation": "England"},
    {"code": "E06000052", "name": "Cornwall", "region": "South West", "nation": "England"},
    {"code": "E06000053", "name": "Isles of Scilly", "region": "South West", "nation": "England"},
    {"code": "E06000054", "name": "Wiltshire", "region": "South West", "nation": "England"},
    {"code": "E06000055", "name": "Bedford", "region": "East of England", "nation": "England"},
    {"code": "E06000056", "name": "Central Bedfordshire", "region": "East of England", "nation": "England"},
    {"code": "E06000057", "name": "Northumberland", "region": "North East", "nation": "England"},
    {"code": "E06000058", "name": "Bournemouth, Christchurch and Poole", "region": "South West", "nation": "England"},
    {"code": "E06000059", "name": "Dorset", "region": "South West", "nation": "England"},
    {"code": "E06000060", "name": "Buckinghamshire", "region": "South East", "nation": "England"},
    {"code": "E06000061", "name": "North Northamptonshire", "region": "East Midlands", "nation": "England"},
    {"code": "E06000062", "name": "West Northamptonshire", "region": "East Midlands", "nation": "England"},
    {"code": "E06000063", "name": "Cumberland", "region": "North West", "nation": "England"},
    {"code": "E06000064", "name": "Westmorland and Furness", "region": "North West", "nation": "England"},
    {"code": "E06000065", "name": "North Yorkshire", "region": "Yorkshire and the Humber", "nation": "England"},
    {"code": "E06000066", "name": "Somerset", "region": "South West", "nation": "England"},
    {"code": "E08000001", "name": "Bolton", "region": "North West", "nation": "England"},
    {"code": "E08000002", "name": "Bury", "region": "North West", "nation": "England"},
    {"code": "E08000003", "name": "Manchester", "region": "North West", "nation": "England"},
    {"code": "E08000004", "name": "Oldham", "region": "North West", "nation": "England"},
    {"code": "E08000005", "name": "Rochdale", "region": "North West", "nation": "England"},
    {"code": "E08000006", "name": "Salford", "region": "North West", "nation": "England"},
    {"code": "E08000007", "name": "Stockport", "region": "North West", "nation": "England"},
    {"code": "E08000008", "name": "Tameside", "region": "North West", "nation": "England"},
    {"code": "E08000009", "name": "Trafford", "region": "North West", "nation": "England"},
    {"code": "E08000010", "name": "Wigan", "region": "North West", "nation": "England"},
    {"code": "E08000011", "name": "Knowsley", "region": "North West", "nation": "England"},
    {"code": "E08000012", "name": "Liverpool", "region": "North West", "nation": "England"},
    {"code": "E08000013", "name": "St Helens", "region": "North West", "nation": "England"},
    {"code": "E08000014", "name": "Sefton", "region": "North West", "nation": "England"},
    {"code": "E08000015", "name": "Wirral", "region": "North West", "nation": "England"},
    {"code": "E08000016", "name": "Barnsley", "region": "Yorkshire and the Humber", "nation": "England"},
    {"code": "E08000017", "name": "Doncaster", "region": "Yorkshire and the Humber", "nation": "England"},
    {"code": "E08000018", "name": "Rotherham", "region": "Yorkshire and the Humber", "nation": "England"},
    {"code": "E08000019", "name": "Sheffield", "region": "Yorkshire and the Humber", "nation": "England"},
    {"code": "E08000021", "name": "Newcastle upon Tyne", "region": "North East", "nation": "England"},
    {"code": "E08000022", "name": "North Tyneside", "region": "North East", "nation": "England"},
    {"code": "E08000023", "name": "South Tyneside", "region": "North East", "nation": "England"},
    {"code": "E08000024", "name": "Sunderland", "region": "North East", "nation": "England"},
    {"code": "E08000025", "name": "Birmingham", "region": "West Midlands", "nation": "England"},
    {"code": "E08000026", "name": "Coventry", "region": "West Midlands", "nation": "England"},
    {"code": "E08000027", "name": "Dudley", "region": "West Midlands", "nation": "England"},
    {"code": "E08000028", "name": "Sandwell", "region": "West Midlands", "nation": "England"},
    {"code": "E08000029", "name": "Solihull", "region": "West Midlands", "nation": "England"},
    {"code": "E08000030", "name": "Walsall", "region": "West Midlands", "nation": "England"},
    {"code": "E08000031", "name": "Wolverhampton", "region": "West Midlands", "nation": "England"},
    {"code": "E08000032", "name": "Bradford", "region": "Yorkshire and the Humber", "nation": "England"},
    {"code": "E08000033", "name": "Calderdale", "region": "Yorkshire and the Humber", "nation": "England"},
    {"code": "E08000034", "name": "Kirklees", "region": "Yorkshire and the Humber", "nation": "England"},
    {"code": "E08000035", "name": "Leeds", "region": "Yorkshire and the Humber", "nation": "England"},
    {"code": "E08000036", "name": "Wakefield", "region": "Yorkshire and the Humber", "nation": "England"},
    {"code": "E08000037", "name": "Gateshead", "region": "North East", "nation": "England"},
    {"code": "E09000001", "name": "City of London", "region": "London", "nation": "England"},
    {"code": "E09000002", "name": "Barking and Dagenham", "region": "London", "nation": "England"},
    {"code": "E09000003", "name": "Barnet", "region": "London", "nation": "England"},
    {"code": "E09000004", "name": "Bexley", "region": "London", "nation": "England"},
    {"code": "E09000005", "name": "Brent", "region": "London", "nation": "England"},
    {"code": "E09000006", "name": "Bromley", "region": "London", "nation": "England"},
    {"code": "E09000007", "name": "Camden", "region": "London", "nation": "England"},
    {"code": "E09000008", "name": "Croydon", "region": "London", "nation": "England"},
    {"code": "E09000009", "name": "Ealing", "region": "London", "nation": "England"},
    {"code": "E09000010", "name": "Enfield", "region": "London", "nation": "England"},
    {"code": "E09000011", "name": "Greenwich", "region": "London", "nation": "England"},
    {"code": "E09000012", "name": "Hackney", "region": "London", "nation": "England"},
    {"code": "E09000013", "name": "Hammersmith and Fulham", "region": "London", "nation": "England"},
    {"code": "E09000014", "name": "Haringey", "region": "London", "nation": "England"},
    {"code": "E09000015", "name": "Harrow", "region": "London", "nation": "England"},
    {"code": "E09000016", "name": "Havering", "region": "London", "nation": "England"},
    {"code": "E09000017", "name": "Hillingdon", "region": "London", "nation": "England"},
    {"code": "E09000018", "name": "Hounslow", "region": "London", "nation": "England"},
    {"code": "E09000019", "name": "Islington", "region": "London", "nation": "England"},
    {"code": "E09000020", "name": "Kensington and Chelsea", "region": "London", "nation": "England"},
    {"code": "E09000021", "name": "Kingston upon Thames", "region": "London", "nation": "England"},
    {"code": "E09000022", "name": "Lambeth", "region": "London", "nation": "England"},
    {"code": "E09000023", "name": "Lewisham", "region": "London", "nation": "England"},
    {"code": "E09000024", "name": "Merton", "region": "London", "nation": "England"},
    {"code": "E09000025", "name": "Newham", "region": "London", "nation": "England"},
    {"code": "E09000026", "name": "Redbridge", "region": "London", "nation": "England"},
    {"code": "E09000027", "name": "Richmond upon Thames", "region": "London", "nation": "England"},
    {"code": "E09000028", "name": "Southwark", "region": "London", "nation": "England"},
    {"code": "E09000029", "name": "Sutton", "region": "London", "nation": "England"},
    {"code": "E09000030", "name": "Tower Hamlets", "region": "London", "nation": "England"},
    {"code": "E09000031", "name": "Waltham Forest", "region": "London", "nation": "England"},
    {"code": "E09000032", "name": "Wandsworth", "region": "London", "nation": "England"},
    {"code": "E09000033", "name": "Westminster", "region": "London", "nation": "England"},
    {"code": "E07000008", "name": "Cambridge", "region": "East of England", "nation": "England"},
    {"code": "E07000009", "name": "East Cambridgeshire", "region": "East of England", "nation": "England"},
    {"code": "E07000010", "name": "Fenland", "region": "East of England", "nation": "England"},
    {"code": "E07000011", "name": "Huntingdonshire", "region": "East of England", "nation": "England"},
    {"code": "E07000012", "name": "South Cambridgeshire", "region": "East of England", "nation": "England"},
    {"code": "E07000026", "name": "Allerdale", "region": "North West", "nation": "England"},
    {"code": "E07000027", "name": "Barrow-in-Furness", "region": "North West", "nation": "England"},
    {"code": "E07000028", "name": "Carlisle", "region": "North West", "nation": "England"},
    {"code": "E07000029", "name": "Copeland", "region": "North West", "nation": "England"},
    {"code": "E07000030", "name": "Eden", "region": "North West", "nation": "England"},
    {"code": "E07000031", "name": "South Lakeland", "region": "North West", "nation": "England"},
    {"code": "E07000032", "name": "Amber Valley", "region": "East Midlands", "nation": "England"},
    {"code": "E07000033", "name": "Bolsover", "region": "East Midlands", "nation": "England"},
    {"code": "E07000034", "name": "Chesterfield", "region": "East Midlands", "nation": "England"},
    {"code": "E07000035", "name": "Derbyshire Dales", "region": "East Midlands", "nation": "England"},
    {"code": "E07000036", "name": "Erewash", "region": "East Midlands", "nation": "England"},
    {"code": "E07000037", "name": "High Peak", "region": "East Midlands", "nation": "England"},
    {"code": "E07000038", "name": "North East Derbyshire", "region": "East Midlands", "nation": "England"},
    {"code": "E07000039", "name": "South Derbyshire", "region": "East Midlands", "nation": "England"},
    {"code": "E07000040", "name": "East Devon", "region": "South West", "nation": "England"},
    {"code": "E07000041", "name": "Exeter", "region": "South West", "nation": "England"},
    {"code": "E07000042", "name": "Mid Devon", "region": "South West", "nation": "England"},
    {"code": "E07000043", "name": "North Devon", "region": "South West", "nation": "England"},
    {"code": "E07000044", "name": "South Hams", "region": "South West", "nation": "England"},
    {"code": "E07000045", "name": "Teignbridge", "region": "South West", "nation": "England"},
    {"code": "E07000046", "name": "Torridge", "region": "South West", "nation": "England"},
    {"code": "E07000047", "name": "West Devon", "region": "South West", "nation": "England"},
    {"code": "E07000061", "name": "Eastbourne", "region": "South East", "nation": "England"},
    {"code": "E07000062", "name": "Hastings", "region": "South East", "nation": "England"},
    {"code": "E07000063", "name": "Lewes", "region": "South East", "nation": "England"},
    {"code": "E07000064", "name": "Rother", "region": "South East", "nation": "England"},
    {"code": "E07000065", "name": "Wealden", "region": "South East", "nation": "England"},
    {"code": "E07000066", "name": "Basildon", "region": "East of England", "nation": "England"},
    {"code": "E07000067", "name": "Braintree", "region": "East of England", "nation": "England"},
    {"code": "E07000068", "name": "Brentwood", "region": "East of England", "nation": "England"},
    {"code": "E07000069", "name": "Castle Point", "region": "East of England", "nation": "England"},
    {"code": "E07000070", "name": "Chelmsford", "region": "East of England", "nation": "England"},
    {"code": "E07000071", "name": "Colchester", "region": "East of England", "nation": "England"},
    {"code": "E07000072", "name": "Epping Forest", "region": "East of England", "nation": "England"},
    {"code": "E07000073", "name": "Harlow", "region": "East of England", "nation": "England"},
    {"code": "E07000074", "name": "Maldon", "region": "East of England", "nation": "England"},
    {"code": "E07000075", "name": "Rochford", "region": "East of England", "nation": "England"},
    {"code": "E07000076", "name": "Tendring", "region": "East of England", "nation": "England"},
    {"code": "E07000077", "name": "Uttlesford", "region": "East of England", "nation": "England"},
    {"code": "E07000078", "name": "Cheltenham", "region": "South West", "nation": "England"},
    {"code": "E07000079", "name": "Cotswold", "region": "South West", "nation": "England"},
    {"code": "E07000080", "name": "Forest of Dean", "region": "South West", "nation": "England"},
    {"code": "E07000081", "name": "Gloucester", "region": "South West", "nation": "England"},
    {"code": "E07000082", "name": "Stroud", "region": "South West", "nation": "England"},
    {"code": "E07000083", "name": "Tewkesbury", "region": "South West", "nation": "England"},
    {"code": "E07000084", "name": "Basingstoke and Deane", "region": "South East", "nation": "England"},
    {"code": "E07000085", "name": "East Hampshire", "region": "South East", "nation": "England"},
    {"code": "E07000086", "name": "Eastleigh", "region": "South East", "nation": "England"},
    {"code": "E07000087", "name": "Fareham", "region": "South East", "nation": "England"},
    {"code": "E07000088", "name": "Gosport", "region": "South East", "nation": "England"},
    {"code": "E07000089", "name": "Hart", "region": "South East", "nation": "England"},
    {"code": "E07000090", "name": "Havant", "region": "South East", "nation": "England"},
    {"code": "E07000091", "name": "New Forest", "region": "South East", "nation": "England"},
    {"code": "E07000092", "name": "Rushmoor", "region": "South East", "nation": "England"},
    {"code": "E07000093", "name": "Test Valley", "region": "South East", "nation": "England"},
    {"code": "E07000094", "name": "Winchester", "region": "South East", "nation": "England"},
    {"code": "E07000095", "name": "Broxbourne", "region": "East of England", "nation": "England"},
    {"code": "E07000096", "name": "Dacorum", "region": "East of England", "nation": "England"},
    {"code": "E07000098", "name": "Hertsmere", "region": "East of England", "nation": "England"},
    {"code": "E07000099", "name": "North Hertfordshire", "region": "East of England", "nation": "England"},
    {"code": "E07000102", "name": "Three Rivers", "region": "East of England", "nation": "England"},
    {"code": "E07000103", "name": "Watford", "region": "East of England", "nation": "England"},
    {"code": "E07000105", "name": "Ashford", "region": "South East", "nation": "England"},
    {"code": "E07000106", "name": "Canterbury", "region": "South East", "nation": "England"},
    {"code": "E07000107", "name": "Dartford", "region": "South East", "nation": "England"},
    {"code": "E07000108", "name": "Dover", "region": "South East", "nation": "England"},
    {"code": "E07000109", "name": "Gravesham", "region": "South East", "nation": "England"},
    {"code": "E07000110", "name": "Maidstone", "region": "South East", "nation": "England"},
    {"code": "E07000111", "name": "Sevenoaks", "region": "South East", "nation": "England"},
    {"code": "E07000112", "name": "Folkestone and Hythe", "region": "South East", "nation": "England"},
    {"code": "E07000113", "name": "Swale", "region": "South East", "nation": "England"},
    {"code": "E07000114", "name": "Thanet", "region": "South East", "nation": "England"},
    {"code": "E07000115", "name": "Tonbridge and Malling", "region": "South East", "nation": "England"},
    {"code": "E07000116", "name": "Tunbridge Wells", "region": "South East", "nation": "England"},
    {"code": "E07000117", "name": "Burnley", "region": "North West", "nation": "England"},
    {"code": "E07000118", "name": "Chorley", "region": "North West", "nation": "England"},
    {"code": "E07000119", "name": "Fylde", "region": "North West", "nation": "England"},
    {"code": "E07000120", "name": "Hyndburn", "region": "North West", "nation": "England"},
    {"code": "E07000121", "name": "Lancaster", "region": "North West", "nation": "England"},
    {"code": "E07000122", "name": "Pendle", "region": "North West", "nation": "England"},
    {"code": "E07000123", "name": "Preston", "region": "North West", "nation": "England"},
    {"code": "E07000124", "name": "Ribble Valley", "region": "North West", "nation": "England"},
    {"code": "E07000125", "name": "Rossendale", "region": "North West", "nation": "England"},
    {"code": "E07000126", "name": "South Ribble", "region": "North West", "nation": "England"},
    {"code": "E07000127", "name": "West Lancashire", "region": "North West", "nation": "England"},
    {"code": "E07000128", "name": "Wyre", "region": "North West", "nation": "England"},
    {"code": "E07000129", "name": "Blaby", "region": "East Midlands", "nation": "England"},
    {"code": "E07000130", "name": "Charnwood", "region": "East Midlands", "nation": "England"},
    {"code": "E07000131", "name": "Harborough", "region": "East Midlands", "nation": "England"},
    {"code": "E07000132", "name": "Hinckley and Bosworth", "region": "East Midlands", "nation": "England"},
    {"code": "E07000133", "name": "Melton", "region": "East Midlands", "nation": "England"},
    {"code": "E07000134", "name": "North West Leicestershire", "region": "East Midlands", "nation": "England"},
    {"code": "E07000135", "name": "Oadby and Wigston", "region": "East Midlands", "nation": "England"},
    {"code": "E07000136", "name": "Boston", "region": "East Midlands", "nation": "England"},
    {"code": "E07000137", "name": "East Lindsey", "region": "East Midlands", "nation": "England"},
    {"code": "E07000138", "name": "Lincoln", "region": "East Midlands", "nation": "England"},
    {"code": "E07000139", "name": "North Kesteven", "region": "East Midlands", "nation": "England"},
    {"code": "E07000140", "name": "South Holland", "region": "East Midlands", "nation": "England"},
    {"code": "E07000141", "name": "South Kesteven", "region": "East Midlands", "nation": "England"},
    {"code": "E07000142", "name": "West Lindsey", "region": "East Midlands", "nation": "England"},
    {"code": "E07000143", "name": "Breckland", "region": "East of England", "nation": "England"},
    {"code": "E07000144", "name": "Broadland", "region": "East of England", "nation": "England"},
    {"code": "E07000145", "name": "Great Yarmouth", "region": "East of England", "nation": "England"},
    {"code": "E07000146", "name": "King's Lynn and West Norfolk", "region": "East of England", "nation": "England"},
    {"code": "E07000147", "name": "North Norfolk", "region": "East of England", "nation": "England"},
    {"code": "E07000148", "name": "Norwich", "region": "East of England", "nation": "England"},
    {"code": "E07000149", "name": "South Norfolk", "region": "East of England", "nation": "England"},
    {"code": "E07000163", "name": "Craven", "region": "Yorkshire and the Humber", "nation": "England"},
    {"code": "E07000164", "name": "Hambleton", "region": "Yorkshire and the Humber", "nation": "England"},
    {"code": "E07000165", "name": "Harrogate", "region": "Yorkshire and the Humber", "nation": "England"},
    {"code": "E07000166", "name": "Richmondshire", "region": "Yorkshire and the Humber", "nation": "England"},
    {"code": "E07000167", "name": "Ryedale", "region": "Yorkshire and the Humber", "nation": "England"},
    {"code": "E07000168", "name": "Scarborough", "region": "Yorkshire and the Humber", "nation": "England"},
    {"code": "E07000169", "name": "Selby", "region": "Yorkshire and the Humber", "nation": "England"},
    {"code": "E07000170", "name": "Ashfield", "region": "East Midlands", "nation": "England"},
    {"code": "E07000171", "name": "Bassetlaw", "region": "East Midlands", "nation": "England"},
    {"code": "E07000172", "name": "Broxtowe", "region": "East Midlands", "nation": "England"},
    {"code": "E07000173", "name": "Gedling", "region": "East Midlands", "nation": "England"},
    {"code": "E07000174", "name": "Mansfield", "region": "East Midlands", "nation": "England"},
    {"code": "E07000175", "name": "Newark and Sherwood", "region": "East Midlands", "nation": "England"},
    {"code": "E07000176", "name": "Rushcliffe", "region": "East Midlands", "nation": "England"},
    {"code": "E07000177", "name": "Cherwell", "region": "South East", "nation": "England"},
    {"code": "E07000178", "name": "Oxford", "region": "South East", "nation": "England"},
    {"code": "E07000179", "name": "South Oxfordshire", "region": "South East", "nation": "England"},
    {"code": "E07000180", "name": "Vale of White Horse", "region": "South East", "nation": "England"},
    {"code": "E07000181", "name": "West Oxfordshire", "region": "South East", "nation": "England"},
    {"code": "E07000187", "name": "Mendip", "region": "South West", "nation": "England"},
    {"code": "E07000188", "name": "Sedgemoor", "region": "South West", "nation": "England"},
    {"code": "E07000189", "name": "South Somerset", "region": "South West", "nation": "England"},
    {"code": "E07000192", "name": "Cannock Chase", "region": "West Midlands", "nation": "England"},
    {"code": "E07000193", "name": "East Staffordshire", "region": "West Midlands", "nation": "England"},
    {"code": "E07000194", "name": "Lichfield", "region": "West Midlands", "nation": "England"},
    {"code": "E07000195", "name": "Newcastle-under-Lyme", "region": "West Midlands", "nation": "England"},
    {"code": "E07000196", "name": "South Staffordshire", "region": "West Midlands", "nation": "England"},
    {"code": "E07000197", "name": "Stafford", "region": "West Midlands", "nation": "England"},
    {"code": "E07000198", "name": "Staffordshire Moorlands", "region": "West Midlands", "nation": "England"},
    {"code": "E07000199", "name": "Tamworth", "region": "West Midlands", "nation": "England"},
    {"code": "E07000200", "name": "Babergh", "region": "East of England", "nation": "England"},
    {"code": "E07000202", "name": "Ipswich", "region": "East of England", "nation": "England"},
    {"code": "E07000203", "name": "Mid Suffolk", "region": "East of England", "nation": "England"},
    {"code": "E07000207", "name": "Elmbridge", "region": "South East", "nation": "England"},
    {"code": "E07000208", "name": "Epsom and Ewell", "region": "South East", "nation": "England"},
    {"code": "E07000209", "name": "Guildford", "region": "South East", "nation": "England"},
    {"code": "E07000210", "name": "Mole Valley", "region": "South East", "nation": "England"},
    {"code": "E07000211", "name": "Reigate and Banstead", "region": "South East", "nation": "England"},
    {"code": "E07000212", "name": "Runnymede", "region": "South East", "nation": "England"},
    {"code": "E07000213", "name": "Spelthorne", "region": "South East", "nation": "England"},
    {"code": "E07000214", "name": "Surrey Heath", "region": "South East", "nation": "England"},
    {"code": "E07000215", "name": "Tandridge", "region": "South East", "nation": "England"},
    {"code": "E07000216", "name": "Waverley", "region": "South East", "nation": "England"},
    {"code": "E07000217", "name": "Woking", "region": "South East", "nation": "England"},
    {"code": "E07000218", "name": "North Warwickshire", "region": "West Midlands", "nation": "England"},
    {"code": "E07000219", "name": "Nuneaton and Bedworth", "region": "West Midlands", "nation": "England"},
    {"code": "E07000220", "name": "Rugby", "region": "West Midlands", "nation": "England"},
    {"code": "E07000221", "name": "Stratford-on-Avon", "region": "West Midlands", "nation": "England"},
    {"code": "E07000222", "name": "Warwick", "region": "West Midlands", "nation": "England"},
    {"code": "E07000223", "name": "Adur", "region": "South East", "nation": "England"},
    {"code": "E07000224", "name": "Arun", "region": "South East", "nation": "England"},
    {"code": "E07000225", "name": "Chichester", "region": "South East", "nation": "England"},
    {"code": "E07000226", "name": "Crawley", "region": "South East", "nation": "England"},
    {"code": "E07000227", "name": "Horsham", "region": "South East", "nation": "England"},
    {"code": "E07000228", "name": "Mid Sussex", "region": "South East", "nation": "England"},
    {"code": "E07000229", "name": "Worthing", "region": "South East", "nation": "England"},
    {"code": "E07000234", "name": "Bromsgrove", "region": "West Midlands", "nation": "England"},
    {"code": "E07000235", "name": "Malvern Hills", "region": "West Midlands", "nation": "England"},
    {"code": "E07000236", "name": "Redditch", "region": "West Midlands", "nation": "England"},
    {"code": "E07000237", "name": "Worcester", "region": "West Midlands", "nation": "England"},
    {"code": "E07000238", "name": "Wychavon", "region": "West Midlands", "nation": "England"},
    {"code": "E07000239", "name": "Wyre Forest", "region": "West Midlands", "nation": "England"},
    {"code": "E07000240", "name": "St Albans", "region": "East of England", "nation": "England"},
    {"code": "E07000241", "name": "Welwyn Hatfield", "region": "East of England", "nation": "England"},
    {"code": "E07000242", "name": "East Hertfordshire", "region": "East of England", "nation": "England"},
    {"code": "E07000243", "name": "Stevenage", "region": "East of England", "nation": "England"},
    {"code": "E07000244", "name": "East Suffolk", "region": "East of England", "nation": "England"},
    {"code": "E07000245", "name": "West Suffolk", "region": "East of England", "nation": "England"},
    {"code": "E07000246", "name": "Somerset West and Taunton", "region": "South West", "nation": "England"},
    {"code": "W06000001", "name": "Isle of Anglesey", "region": "North Wales", "nation": "Wales"},
    {"code": "W06000002", "name": "Gwynedd", "region": "North Wales", "nation": "Wales"},
    {"code": "W06000003", "name": "Conwy", "region": "North Wales", "nation": "Wales"},
    {"code": "W06000004", "name": "Denbighshire", "region": "North Wales", "nation": "Wales"},
    {"code": "W06000005", "name": "Flintshire", "region": "North Wales", "nation": "Wales"},
    {"code": "W06000006", "name": "Wrexham", "region": "North Wales", "nation": "Wales"},
    {"code": "W06000008", "name": "Ceredigion", "region": "Mid Wales", "nation": "Wales"},
    {"code": "W06000009", "name": "Pembrokeshire", "region": "South West Wales", "nation": "Wales"},
    {"code": "W06000010", "name": "Carmarthenshire", "region": "South West Wales", "nation": "Wales"},
    {"code": "W06000011", "name": "Swansea", "region": "South West Wales", "nation": "Wales"},
    {"code": "W06000012", "name": "Neath Port Talbot", "region": "South West Wales", "nation": "Wales"},
    {"code": "W06000013", "name": "Bridgend", "region": "South Wales", "nation": "Wales"},
    {"code": "W06000014", "name": "Vale of Glamorgan", "region": "South Wales", "nation": "Wales"},
    {"code": "W06000015", "name": "Cardiff", "region": "South Wales", "nation": "Wales"},
    {"code": "W06000016", "name": "Rhondda Cynon Taf", "region": "South Wales", "nation": "Wales"},
    {"code": "W06000018", "name": "Caerphilly", "region": "South Wales", "nation": "Wales"},
    {"code": "W06000019", "name": "Blaenau Gwent", "region": "South Wales", "nation": "Wales"},
    {"code": "W06000020", "name": "Torfaen", "region": "South Wales", "nation": "Wales"},
    {"code": "W06000021", "name": "Monmouthshire", "region": "South East Wales", "nation": "Wales"},
    {"code": "W06000022", "name": "Newport", "region": "South East Wales", "nation": "Wales"},
    {"code": "W06000023", "name": "Powys", "region": "Mid Wales", "nation": "Wales"},
    {"code": "W06000024", "name": "Merthyr Tydfil", "region": "South Wales", "nation": "Wales"},
    {"code": "S12000005", "name": "Clackmannanshire", "region": "Central Scotland", "nation": "Scotland"},
    {"code": "S12000006", "name": "Dumfries and Galloway", "region": "South West Scotland", "nation": "Scotland"},
    {"code": "S12000008", "name": "East Ayrshire", "region": "South West Scotland", "nation": "Scotland"},
    {"code": "S12000010", "name": "East Lothian", "region": "South East Scotland", "nation": "Scotland"},
    {"code": "S12000011", "name": "East Renfrewshire", "region": "West Central Scotland", "nation": "Scotland"},
    {"code": "S12000013", "name": "Na h-Eileanan Siar (Western Isles)", "region": "Highlands and Islands", "nation": "Scotland"},
    {"code": "S12000014", "name": "Falkirk", "region": "Central Scotland", "nation": "Scotland"},
    {"code": "S12000017", "name": "Highland", "region": "Highlands and Islands", "nation": "Scotland"},
    {"code": "S12000018", "name": "Inverclyde", "region": "West Central Scotland", "nation": "Scotland"},
    {"code": "S12000019", "name": "Midlothian", "region": "South East Scotland", "nation": "Scotland"},
    {"code": "S12000020", "name": "Moray", "region": "North East Scotland", "nation": "Scotland"},
    {"code": "S12000021", "name": "North Ayrshire", "region": "South West Scotland", "nation": "Scotland"},
    {"code": "S12000023", "name": "Orkney Islands", "region": "Highlands and Islands", "nation": "Scotland"},
    {"code": "S12000024", "name": "Perth and Kinross", "region": "Tayside", "nation": "Scotland"},
    {"code": "S12000026", "name": "Scottish Borders", "region": "South East Scotland", "nation": "Scotland"},
    {"code": "S12000027", "name": "Shetland Islands", "region": "Highlands and Islands", "nation": "Scotland"},
    {"code": "S12000028", "name": "South Ayrshire", "region": "South West Scotland", "nation": "Scotland"},
    {"code": "S12000029", "name": "South Lanarkshire", "region": "West Central Scotland", "nation": "Scotland"},
    {"code": "S12000030", "name": "Stirling", "region": "Central Scotland", "nation": "Scotland"},
    {"code": "S12000033", "name": "Aberdeen City", "region": "North East Scotland", "nation": "Scotland"},
    {"code": "S12000034", "name": "Aberdeenshire", "region": "North East Scotland", "nation": "Scotland"},
    {"code": "S12000035", "name": "Argyll and Bute", "region": "West Central Scotland", "nation": "Scotland"},
    {"code": "S12000036", "name": "City of Edinburgh", "region": "South East Scotland", "nation": "Scotland"},
    {"code": "S12000038", "name": "Renfrewshire", "region": "West Central Scotland", "nation": "Scotland"},
    {"code": "S12000039", "name": "West Dunbartonshire", "region": "West Central Scotland", "nation": "Scotland"},
    {"code": "S12000040", "name": "West Lothian", "region": "South East Scotland", "nation": "Scotland"},
    {"code": "S12000041", "name": "Angus", "region": "Tayside", "nation": "Scotland"},
    {"code": "S12000042", "name": "Dundee City", "region": "Tayside", "nation": "Scotland"},
    {"code": "S12000044", "name": "North Lanarkshire", "region": "West Central Scotland", "nation": "Scotland"},
    {"code": "S12000045", "name": "East Dunbartonshire", "region": "West Central Scotland", "nation": "Scotland"},
    {"code": "S12000047", "name": "Fife", "region": "Tayside", "nation": "Scotland"},
    {"code": "S12000048", "name": "Glasgow City", "region": "West Central Scotland", "nation": "Scotland"},
    {"code": "S12000049", "name": "Glasgow City", "region": "West Central Scotland", "nation": "Scotland"},
    {"code": "S12000050", "name": "North Lanarkshire", "region": "West Central Scotland", "nation": "Scotland"},
    {"code": "N09000001", "name": "Antrim and Newtownabbey", "region": "Northern Ireland", "nation": "Northern Ireland"},
    {"code": "N09000002", "name": "Armagh City, Banbridge and Craigavon", "region": "Northern Ireland", "nation": "Northern Ireland"},
    {"code": "N09000003", "name": "Belfast", "region": "Northern Ireland", "nation": "Northern Ireland"},
    {"code": "N09000004", "name": "Causeway Coast and Glens", "region": "Northern Ireland", "nation": "Northern Ireland"},
    {"code": "N09000005", "name": "Derry City and Strabane", "region": "Northern Ireland", "nation": "Northern Ireland"},
    {"code": "N09000006", "name": "Fermanagh and Omagh", "region": "Northern Ireland", "nation": "Northern Ireland"},
    {"code": "N09000007", "name": "Lisburn and Castlereagh", "region": "Northern Ireland", "nation": "Northern Ireland"},
    {"code": "N09000008", "name": "Mid and East Antrim", "region": "Northern Ireland", "nation": "Northern Ireland"},
    {"code": "N09000009", "name": "Mid Ulster", "region": "Northern Ireland", "nation": "Northern Ireland"},
    {"code": "N09000010", "name": "Newry, Mourne and Down", "region": "Northern Ireland", "nation": "Northern Ireland"},
    {"code": "N09000011", "name": "Ards and North Down", "region": "Northern Ireland", "nation": "Northern Ireland"}
  ]
}
